v001	google maps wont find where i am and wont load the route its just sat there spinning round and round
v002	I'm squinting all the time at this phone, it's giving me headaches. It never used to be this bad.
v003	I can't get through reading my emails on this phone, it's hopeless. By the time I've found my place I've lost it again.
v004	the music has stopped playing in the car on the way to work I don't know if it's the phone or the car
v005	Mic not working, please help
v006	Please set network properly
v007	Facebook doesn't tell me anything new until I open it.
v008	insta not working pls
v009	My phone doesn't make sounds anymore.
v010	Please reset the connections on my phone.
v011	my mom got super mad at me bc she said she texted and called me like 6 times while i was at practice. i had my phone in my bag the whole time and never heard nothing. idk why its so quiet now
v012	i was at starbucks doing homework and the internet just stopped on my phone. i tried turning the wifi off and on. still nothing works
v013	my daughter gave me those small ear peices without wire for my walking. today when call came i didnt hear anything in the ear peices or from phone also. she says she called 3 times
v014	Everything on the screen looks dull and murky since yesterday, I can hardly make out my photographs.
v015	i changed some settings to make my phone look cooler bc my friends all have aesthetic phones. now i cant really read stuff right and its giving me a headache. i dont remember what i changed
v016	I have to squint at my phone all the time now.
v017	the map app wont show where i am and i need to get my son to his game in 20 min
v018	It's such a struggle reading my book on the Kindle app, my phone makes it really hard.
v019	I tried to do my video visit with the doctor using my ear buds and it did not work. We had to cancel.
v020	my phone wont load anything at home, pages just spin and spin and i have bills to pay tonight
v021	temple bell is very loud near my house so few days back i changed something in phone sound. now i am not knowing when anybody is contacting me. everything i see only later
v022	My watch has stopped getting my messages from the phone. It used to buzz on my wrist and now nothing.
v023	My facebook wont open at all, it just keeps going around and around.
v024	the screen looks all dull and murky today like the colour has been drained out of it i can barely see the photos of the kids
v025	the wether app keeps saying it cant find me and it just shows a blank page
v026	my grandma borrowed my phone and changed something for her eyes, how do i put it back?
v027	my brother was fiddling with the settings for people with bad eyes and now my phone is just not normal can you put it back how it was
v028	In Zoom meeting nobody hears me talking.
v029	I cant do the video calls with my grandson on Facebook any more, it just won't go. It worked fine last Sunday.
v030	why does my phone keep going dark while im reading my book for english class?
v031	cant watch a whole show on my phone, the screen just goes dark half way thru
v032	my phone screen looks weird and fuzzy ever since i dropped it, i cant make anything out
v033	why cant i play my spotify in my moms car anymore?
v034	why do i keep missing calls and texts from my mom? shes so mad at me lol
v035	people keep saying they've been trying to ring me on WhatsApp and I never get it the phone just sits there
v036	Why is my phone behaving so strange after my small brother played with it? It is not at all like normal now.
v037	I can't get on with reading my book on the phone anymore it's just a nightmare I end up giving up after a page
v038	my screen got this yellowy dark look at night and now its like that all day too
v039	every sunday i do video call to my son in america with the earphones he sent. today he is saying papa we cannot hear you at all. i was talking loudly also
v040	not conecting only
v041	The pharmacy app isn't working properly anymore, it doesn't do what it did before. I need my prescription sorting.
v042	The screen goes kind of black on me and I have to fuss with it.
v043	why does my phone look kinda brown and dark at night, is that normal??
v044	Google Maps won't show where I am and the map won't load properly either.
v045	The phone has gone peculiar since I pressed something by accident. Everything is different and I can't get on with it.
v046	My mum says she's been calling and texting me all day and I never notice until hours later.
v047	screen looking very dull
v048	Wifi says connected but no websites open. Should I reset something?
v049	Why do my messages come so late when I am at home on the Wi-Fi?
v050	reels keep going off
v051	My phone's switched on but it never makes a sound when someone tries to get hold of me.
v052	My screen looks really dull and weird all of a sudden, like the life's gone out of it.
v053	how come my phone never makes any noise anymore when ppl hit me up?
v054	Zoom wont work for church on Sunday and the pastor couldn't see or hear me.
v055	When I record a voice message nobody can hear me. I use my wireless earphones.
v056	My screen goes a funny shade at night and I don't know why.
v057	i wanted to video call my friend on whatsapp last night. it just didnt work at all and i gave up. can you fix it
v058	I haven't had a single message from anyone since this morning, which never happens.
v059	wifi on but nothing
v060	Why are my friends not able to hear me on the Discord call? Yesterday itself it was working fine.
v061	so i was at my friends house and we were gonna watch youtube and my phone just wouldnt load anything. her phone was fine tho. i got home and its still the same nothing opens
v062	Why has my phone become so quiet these days? Calls, messages, nothing is making any sound.
v063	screen black sudenly
v064	The screen looks very strange today, everything is dark and not nice like before.
v065	Whenever I watch videos in bed the screen goes all dark.
v066	Someone told me to reset something to get my internet back, can you do that for me?
v067	why is it so hard to read my texts lately? is something wrong with my screen?
v068	the maps won't find where I am or show me anything I was trying to get to the hospital car park and it just sat there
v069	daughter in law says she sent photos of the baby on whatsapp in morning. i am not getting anything, sometimes when i open whatsapp it comes slowly slowly. i want to see my grandchild
v070	the screen keeps going dark on me while im reading recipes with flour all over my hands, so annoying
v071	should i reset the wifi stuff on my phone? it says im connected but nothing works
v072	battery was low so i pressed some battery saving thing my son showed me once. now screen is behaving funny. i dont like it, i want it like before
v073	i must of bumped some setting and now i cant work my phone, i cant even get into my messages right
v074	the pictures and writing look all wrong on the phone since the update I can't tell what anything is
v075	why is my phone so quiet lately? i keep missng everything
v076	mic not wrking
v077	I cant read a thing on this phone any more. I've tried both pairs of glasses and it makes no differance.
v078	My phone is too quiet. I miss everything from my friends.
v079	Email not coming today
v080	My group chat messages aren't coming through at all.
v081	doctor told me to send report photo in the hospital app. app is opening but not doing anything, just white page and photo not going. i tried 3 times, my hands are paining
v082	Photos looking very dark
v083	My daughter says she has been trying to get ahold of me all day and the phone never made a sound.
v084	in evening time when i take phone to check mesages i am straining my eyes too much. my eyes are old but before it was ok. now everything hard to make out
v085	The wifi says its connected but nothing will load. Do I need to put the phones network back to how it was when I bought it? I don't want to lose anything.
v086	The screen looks so dull and gloomy today. It is not like it was last week.
v087	my phone is dead silent all day long, i miss everything. people think im ignoring them
v088	everything on my screen looks off and hard to read since that update last night
v089	my son gave me smart watch for birthday so i can see mesages on my hand. for some days it is not showing any mesages, only time it shows. i have to take out phone from bag every time
v090	My WhatsApp is not sending anything since this morning. The messages only stay there with the small waiting sign.
v091	Why is Snapchat alone not working properly on my phone? Other apps are fine only.
v092	My watch doesn't buzz when somebody rings me any more and I keep missing them. I'm in the garden a lot.
v093	i am doing online yoga class on zoom with my ear buds. teacher is saying aunty your voice is not coming. other people she can hear fine
v094	Snapchat is not working like for my friends. Something is missing.
v095	I can't see the phone properly anymore I have to hold it right up to my face and squint
v096	i read bhagavad gita on the phone every morning after bath. but in middle the screen is going dark and i have to touch again and again. it was not like this before
v097	how do i fix the internet thing on my phone, do i need to reset it or somethin?
v098	Why is Instagram not opening on my phone since morning? It just keeps on loading only.
v099	the internet on my phone has been garbage for a week, do i need to reset somthing
v100	How do I reset all the connection things on my phone? My earbuds and all are giving so much trouble.
v101	why does my video call app just sit on the loading screen with no camera showing?
v102	My friends say they call me and text me but my phone is quiet. I only see it later.
v103	my banking app isn't sending me the codes and nothing seems to come through when I'm at home
v104	why doesnt doordash work at my house? it cant find my adress and nothing loads
v105	everything on the screen is hard to make out it's giving me a headache trying to read the messages
v106	Why is internet not coming on my phone? Should I reset something or what?
v107	YouTube won't play anything when I'm at home.
v108	my grandpa gave me his old phone since mine broke. i literaly cant read anything on it its so hard to see. how do i fix it
v109	Internet gone since morning
v110	messenger video calls never work for me, i dont even see them come in and when i call back the camera thing fails
v111	The map wont show where I am.
v112	i always use my earbuds on the bus. yesterday my friend called me and i didnt hear it at all, i only saw it after. i dont know if its my earbuds or my phone thats messed up
v113	my phones gone completly silent no beeps no ringing nothing ive checked the volume and it seems up
v114	neighbour child was playing games on my phone in the afternoon. after that phone is behaving very strange, everything is different. dont know what he pressed, he ran away
v115	why cant i send voice messages on snap with my earbuds on?
v116	my little brother messed with my phone and now everything is weird, how do i undo whatever he did?
v117	The taxi app cannot find me. I am waiting outside and nothing happens.
v118	Why is my voice not coming in the Instagram voice note? I had my earbuds on while recording, is that the problem?
v119	My phone is too quiet, I miss everything.
v120	Screen going black in between
v121	Screen looking very dull
v122	phone did some update last night by itself. now everything on screen looking different and i am not able to read what is writen properly. it looks strange to me
v123	my eyes have been hurting when i look at my phone at night. its so hard to see stuff on there. i have to squint like an old lady lol
v124	Internet is not working on my phone. Do I need to reset something?
v125	My phone doesn't make any noise anymore, not even through my speaker.
v126	why wont tiktok load at my friends house?? it just keeps spinning
v127	My watch isn't buzzing when I get messages anymore.
v128	When I read a recipe on the phone the screen goes dark, I have to touch it again and again.
v129	I cannot see the things on my phone well. I need to hold it very close to my eyes.
v130	the wifi at school says connected but nothing works on my phone. everyone elses works. somebody told me to reset my network thing is that a good idea
v131	I've missed the surgery ringing me AND I never knew about the reminder for my appointment. This phone is letting me down badly.
v132	My WhatsApp messages aren't coming through at all. Joan says she has sent me several and I've not had one of them.
v133	Cannot read news properly
v134	why doesnt my smartwatch show anything from my phone anymore?
v135	I don't get my emails until hours later sometimes.
v136	It's hard to make out the screen when I'm in my kitchen.
v137	YouTube is not opening
v138	Why does my screen go all dark and dull at night? In the daytime it looks okay only.
v139	Can you reset everything about connections? My earbuds don't work.
v140	I keep missing calls when I'm out with my earbuds in.
v141	the screen keeps going dark on me when im trying to read a recipe and i have to keep pokeing it with my floury fingers
v142	i want to reset all the internet stuff on my phone back to how it was when i got it because nothing goes online
v143	I can barely read anything on my screen today, it's so hard on my eyes.
v144	my specs broke so i am using the old pair now. cannot read anything on phone properly, very dificult to see. kindly make it so i can see
v145	My messages from friends don't come to me. Later they all come together.
v146	Can you reset the internet on this phone please. Nothing works and I've had enough of it.
v147	i was messing around in settings trying to find dark mode. i think i turned somthing on by accident cuz now my phone is super hard to use. i have to try a bunch of times to open stuff
v148	the bbc iplayer wont work on my phone it just says theres a problem and to try again later
v149	Why is my phone not connecting to anything? I tried so many times and it is still not happening.
v150	my phones got very hard to use i cant read it properly and touching things doesnt open them like it used to
v151	my snapchat wont work since yesterday. i tried opening it like 10 times and it just sits there. my friend said to restart my phone but that didnt do anything
v152	screen going dark again
v153	I cannot watch videos on my phone. They just keep loading and nothing comes.
v154	Eyes paining on this phone
v155	I'm not getting my what's up messages until hours later my friend said she sent loads yesterday and I only got them this morning
v156	ok so i dropped my phone off my bed last night and this morning the screen looks so wierd. its like dark and kinda dull idk how to explain it. its not cracked or anything
v157	At night the words on the phone are hard to read.
v158	My phone's gone really quiet lately, I don't get any sounds from it.
v159	i left my earbuds in my backpack and went to the kitchen. my phone was right on the counter and my friend said she called but i didnt hear it ring at all. are my earbuds stealing the sound or somthing
v160	The internet has gone off this phone. My grandson set it all up at Christmas and now nothing comes up when I press the Google. I am fed up with it.
v161	My phone goes black when I do homework on it.
v162	since i got my new watch i keep missing stuff on the phone i thought it was meant to help
v163	can you reset the wifi thing on my phone it says its connected but nothing comes up
v164	My phone is quiet when somebody calls me, since I used it with the speaker in the kitchen.
v165	How do I fix the network thing on my phone? I pressed some buttons by mistake and now nothing online is working.
v166	Why is reading PDFs on my phone so difficult? I am never able to finish even one page of my chemistry notes properly.
v167	my daughter was playing with the accesibility bit in settings and now the phone is all different and i dont know how to put it back
v168	I never know when anyone's trying to get hold of me now the phone used to beep and buzz and now nothing since I had the car thing put in
v169	Why am I not getting to know when my friends message or call me? I see everything only when I pick up the phone myself.
v170	My car wont play my music from the phone anymore.
v171	I have trouble seeing the words on the screen, they sort of blend in with everything.
v172	Screen not clear to me
v173	eye doctor put drops yesterday so first i thought it is my eyes problem. but today also phone looks like old photo, no brightnes no colour. my wifes phone is looking fine
v174	i went camping with my family this weekend. now that im back nobody can reach me, my friends say theyve been messaging and calling. i didnt get any of it
v175	the wifi name is showing on top and it says conected also but nothing is coming. my friend in the park said you have to reset all the network things. can you do that for me
v176	phone mode changd somehow
v177	why does my screen keep going dark when im watching stuff?
v178	snap not wrking only
v179	my car is not taking my phone anymore, before it was playing songs. mechanic said just reset the network setting, it will clear all. is it safe to do, please do it
v180	Why is my home screen looking so weird now? The icons are all looking different from before.
v181	I can't do the voice notes on WhatsApp with my wireless headphones when I hold the button down nobody hears anything
v182	Not getting any alert
v183	what's app isnt working properly on mine since this morning
v184	keep missing stuff from my kids school, i dont hear a thing untill i pick up the phone and see it hours later
v185	The wifi says connected but nothing works. Should I reset it or what do I do.
v186	eyes paining seeing screen
v187	My phone is silent all day, only later I see that people wanted me.
v188	I don't know when people want me. My phone never tells me.
v189	why does everything look diffrent on my screen all of a sudden? i cant even read stuff right
v190	When I watch my shows on the phone it keeps getting darker and darker.
v191	Why am I not getting any WhatsApp messages from yesterday? My friends are saying they sent so many in the class group.
v192	songs not playing
v193	I tried to make the phone easier on my eyes from the settings and now I can't see anything properly at all.
v194	Screen looking different now
v195	WhatsApp messages not coming
v196	Snapchat won't let me send any snaps when I'm out.
v197	my internet has stopped working on the phone since this morning and I don't know what I've done the kids said it's something to do with the box but I wouldn't know
v198	Why does my screen keep going off while I am watching cricket highlights?
v199	Will resetting the network help? YouTube is not playing even on our home Wi-Fi, what should I do?
v200	why cant my friends hear me on discord when i have my earbuds in?
v201	My phone is strange after I pressed the two buttons on the side together.
v202	My phone won't load anything on TikTok, it just keeps spinning.
v203	Touching apps, nothing happens
v204	i never know when anybody is trying to contact me the phone just doesnt make a sound anymore
v205	our wifi at home has been so bad since my dad got a new router thing. it says im connected but stuff is like barely working. my cousin said theres a way to like reset the phone internet stuff?
v206	the voice messages i record come out totally silent, im using my buds if that matters
v207	when i try to open whatsapp it is not opening on first touch. by the time i try again the screen has gone black. i am getting tired of this phone
v208	im trying to follow a recipe on my phone for my moms birthday cake. my hands are covered in flour and the screen keeps going dark. i cant keep touching it like this
v209	missed my moms call
v210	me and my brother share the same wifi and his phone works but mine doesnt. i keep trying to go on instagram and its just loading forever. i dont know what else to do
v211	I think I turned on one of those things for blind people by acident. How do I get it back the way it was.
v212	how do i reset my phone so my data works agian?
v213	I want to use my earbuds to talk in Discord but my friends cannot hear me.
v214	i was waiting for my crush to text me back all night lol. i didnt get anything and then this morning i see she replied at like 9pm. why didnt my phone tell me
v215	i was trying to play music on the way to school like always. it just wouldnt play and i had to sit there in silence for 20 min. it worked fine yesterday
v216	Why is my phone screen looking so dull suddenly? Even my selfies are looking bad on it, what happened?
v217	why cant i hear when someone calls me? i thought it would ring in my headphones
v218	my phone has gone all quiet nothing makes a noise anymore and I keep missing things from my sister
v219	the screen's gone a funny yellowy dark colour in the evenings and I can't see what I'm doing
v220	my emails aren't coming through on the phone anymore I have to go on the computer to see them
v221	at night the screen goes all dark and yellowy by itself and i dont know why it keeps doing it
v222	i dont hear my calls coming in when im driving anymore, i used to hear them thru the car
v223	why am i not getting any of my snaps until like hours later?
v224	Wi-Fi problem, please correct
v225	The internet on my phone is no good at home but the tv works just fine.
v226	My internet is broken on my phone. Can you fix all the internet things from the start?
v227	Since that update I can hardly see the words on the screen, they look all faint and washed out.
v228	net fix karo full
v229	My microphone doesn't work when I'm on calls with my mates.
v230	net not wrking yaar
v231	the internet is broken on the phone at home but the laptop is fine so it must be the phone can you sort it
v232	Watching my programmes on the phone the picture keeps fading away on its own. Most anoying.
v233	When I try to send a voice message on WhatsApp it doesn't pick up my voice.
v234	I had a video call with the doctor and it wouldn't show my face it just said something went wrong and then the page went blank I'm at home on the Wi-Fi
v235	can you just reset whatever the internet stuff is on this thing, nothing works and im done
v236	bank people said they sent otp and also called me. but phone was quiet only, i was sitting next to it whole time watching serial. now they are saying come to branch
v237	Why is Google Meet not working for my online class? The Wi-Fi symbol is showing full, then also my teacher is saying she can't see me properly.
v238	My cousin changed something for helping the eyes and now my phone is not normal.
v239	My weather alerts stoped coming. I used to get them every day.
v240	My grandson says he tried to reach me twice yesterday and I never knew a thing about it.
v241	Snap Map won't show where any of my friends are.
v242	my grandson went to bangalore last week for job and he is calling and mesaging me daily he said. but i am not getting any sound from the phone only. when i see later so many things are there, what to do
v243	My emails have stopped comming in. I'm waiting on an important one from the bank.
v244	phone very silent now
v245	The screen goes a horrible gloomy colour in the evenings and I can barely see what I'm doing.
v246	When I push on the weather it wont come up like it used to.
v247	my group chat was blowing up today apparently but my phone showed nothing. i only saw all the messages when i got home at night. everyone was like why didnt u answer
v248	My screen looks like an old TV, not bright, not nice.
v249	the screen is really hard on my eyes now i cant see things on it like i used to
v250	youtube just buffers and buffers at my house, kids are going crazy
v251	Messages coming very late
v252	how do i make my screen stay on and bright when im watching youtube?
v253	a guy at work said to reset the network thing so my headphones connect, can you do that
v254	wifi calling isnt working i guess? people say they called me and i never got anything
v255	Nobody hears me on video
v256	At home YouTube is only turning the circle, it doesn't play.
v257	bought a speaker to play bhajans in pooja room. the music app is open but nothing is playing on the speaker. shop man said it will work easily, but no
v258	why does snapchat not work at all? i open it and try to send a snap and nothing happens
v259	Why has my phone become so hard to use after the update? I can't even open my apps easily now.
v260	whatsapp msg not coming
v261	The screen keeps going dark on me while I am reading the news in the morning.
v262	my nephew was playing with my phone and now its all different and i cant use it like normal, please help
v263	Google map not working
v264	My pharmacy app wont find the store near me, it did before.
v265	Can you reset all the connections on my phone? Things just aren't hooking up.
v266	why does nothing load on my phone at school?? everyone elses works
v267	The phone doesn't make any noise when people ring now. I wonder if it's still going to the car because my son had it hooked up to it.
v268	why is nothing coming thru on my phone today, not even the group chat?
v269	Speaker not giving sound
v270	phone not telling me nothing
v271	My pictures of the grandkids look all washed out and dark on the phone.
v272	When I read my book on the phone the screen goes dark. Very annoying.
v273	gpay not wrking
v274	Sound not coming properly
v275	the voice notes on whatsapp are not recording me it just comes out silent when i send them
v276	I don't hear anything from my phone anymore. People tell me they tried to reach me.
v277	i was trying to record a tiktok with my airpods in so i could talk into them. it wouldnt pick up my voice at all. i tried like 5 times
v278	when I'm watching the cooking videos on YouTube the screen goes darker and darker and then it's gone
v279	phone screen keeps fading out on me, i have to keep poking it to see anything
v280	The phone went quiet on me. It used to ding and ring all the time and now nothing.
v281	the screen looks all dull and washed out today it's like someone's put a grey film over it
v282	At home the wifi is connected but nothing opens. Maybe I need to make the internet settings new?
v283	Nothing on the internet works. My neighbour told me to reset the network thing but I'm frightened I'll break it, can you do it for me or is it something else?
v284	The map app does not show where I am.
v285	we got new broadband conection at home last week, the boy fitted it. now google map is not showing where i am, the blue dot not coming. i want to go to my friends house
v286	Screen going dark again
v287	on my zoom calls for work nobody can hear me. tried it with my earbuds and same thing, this is embarassing
v288	yesterday the cable man came to fix tv box and he touched the router also. from morning my whatsapp is not going and photos not loading. youtube also showing round round only
v289	My emails come very late now, sometimes many hours later.
v290	BBC iPlayer won't play anything at all, I just get a message saying something went wrong. I've paid my licence fee!
v291	instagram wont let me post anything, it just sits there doing nothing
v292	i turned on some night thing on my phone so i could sleep better. now its like stuck and the screen looks bad even in the day. pls help
v293	My school app does not work like it works for my classmates.
v294	my phone has become very quiet since two days. nobody is reaching me, no calls no whatsapp, my cousin came home to check if i am alive. what happened to it
v295	Something turned on in my phone settings by mistake and now it is very hard to use.
v296	I want to do video call with my earphones but the microphone is not working.
v297	I cannot read the words on my phone anymore. It is hard for my eyes.
v298	we went to my brother house in pune for a marriage and there i put their wifi. now we came back home and phone is not opening any website or youtube. at home it was working before
v299	I'm at my daughters house and youtube wont play anything for me.
v300	emails arent coming in at all today and im waiting on somthing really important from my boss
v301	everythings so hard to see on my phone i have to hold it right up to my face to definately know what im pressing
v302	Nobody can hear me on Discord when I've got my earbuds in.
v303	my phone has gone into some weird mode and i dont know how to get it out of it
v304	I cant read anything on the screen anymore even with my glasses on.
v305	alerts not coming yaar
v306	i was sitting in verandah reading news on the phone. suddenly the screen became all grey and dull dull, not bright like before. very hard to see anything
v307	i like to watch cooking videos on youtube in afternoon when wife is sleeping. but now i cant see it properly, screen is not staying. very irritating
v308	icons look wierd
v309	cant read my phone anymore without squinting so hard my eyes hurt by lunch
v310	Video call not working properly
v311	The screen is hard to read for me since yesterday. Everything looks bad.
v312	Why is Google Maps not showing where I am? I have to reach my friend's house for project work and I don't know the way.
v313	Apps are not opening kindly
v314	The map won't show where I am, it just sits there with the little circle going round and round. I'm meant to be meeting my friend in town.
v315	none of the apps will load at home the little wheel just goes round and round and the weather up won't come up either
v316	my voice isnt coming through on messenger when i video call my sister she just sees my mouth moving
v317	The camera in whatsapp wont open when I press it. I want to send a picture to my sister.
v318	Why didn't my phone tell me when my friend called on WhatsApp? I saw it only much later and she got angry with me.
v319	watching videos on youtube the screen goes all dark half way through and its doing my head in
v320	i want to show my face to granddaughter on whatsapp video call. call is going but she says nani i cannot see you, only black. then call is cutting also
v321	should i reset the connection settings on my phone? my earbuds keep being dumb and wont work
v322	i cant read my phone anymore i have to squint at it all the time even with my glasses on
v323	My screen keeps going dark when I'm reading my revision notes.
v324	My music won't play in the car anymore.
v325	Why can't I see anything properly on my phone? I have to bring it so close to my face, is something wrong?
v326	Since the update my phone is not normal anymore, everything looks and feels different.
v327	the phone doesn't tell me when things come in anymore I only find out when I pick it up and have a look
v328	Reading my phone outside is impossible, I can't make anything out.
v329	Internet is not working. Please make it like new.
v330	When people call me I hear nothing at all, it's as if the calls go off somewhere else. What has happened?
v331	Photos on my phone look not right, very dark and no nice colours.
v332	my friend took my phone at lunch as a prank and did something to it. now the screen is all wrong and i can barely read my messages. she wont tell me what she did lol
v333	My eyes are tired reading on the phone, it is not easy to see the words.
v334	Instagram is not working when I am at my work.
v335	The map app is not finding where I am.
v336	I can't talk to anyone on the zoom with my headphones in they just can't hear me at all
v337	my little brother was playing with my phone while i was in the shower. now everything on the screen looks diffrent and its hard to use. i tried to undo it but i dont know what he pressed
v338	Everything on my screen looks different from yesterday.
v339	my mum says she texted and rang but i didnt recieve nothing till the next day nothing went off at all
v340	My watch doesn't buzz anymore when my friends message me.
v341	net is not coming since morning, i could not see my bank balance. son says on phone do some network seting reset or something, i dont know these things. please do the needful
v342	Can you reset the internet on my phone please, it stoped working.
v343	it says I'm on the Wi-Fi but nothing works I think I need to reset it all can you do that for me
v344	The screen keeps going dark on me when I'm reading the paper on it. Very irritating, I have to keep starting again.
v345	I held the two buttons on the side down to turn the sound up and now the phone's gone completely strange I don't know what's happened to it
v346	Why is my smartwatch not showing anything from my phone anymore? Earlier it used to buzz for every message.
v347	cant see anything properly
v348	Phone screen looks faded
v349	my running app wont track my run with my watch anymore, it just says it cant find it
v350	My watch doesnt buzz when I get a message anymore.
v351	YouTube and TikTok don't load, only the circle going round and round.
v352	The weather app just says it can't find anything. The wifi sign is showing at the top so I don't know what it wants from me.
v353	the screen keeps going dark on me when I'm trying to read recipes and I have to keep poking it with my floury fingers
v354	cant watch anything properly
v355	Why does my screen keep going dark when I am reading my notes for exams?
v356	I don't get any email or messages on my phone today.
v357	youtube stoping again n again
v358	Cannot read the screen properly
v359	Why is my phone not showing any new messages? Even my Instagram feed is stuck on old posts from yesterday.
v360	phone not giving sound
v361	Why is it so hard to see things on my phone when I am outside? Can you tell me what to change?
v362	The video call app doesn't work. I cannot call my friend with video.
v363	cant read nething
v364	why cant google maps find where i am even tho im on the wifi?
v365	Why is there no sound coming when somebody calls me? I was using my earbuds before, does that have something to do with it?
v366	My screen is going dark all the time, I don't know why.
v367	i cant make out whats on the screen properly its hard to read the words everythings gone a bit funny looking
v368	the internet keeps not working at home and my mate said i need to reset something on the phone but i dont know what
v369	My nan borrowed my phone and changed some setting for her eyes, and now it's all weird.
v370	i got these new wireless earbuds for my birthday and i love them. but since then my phone is like silent when stuff comes in. i keep missing things
v371	my sister in kerala sends good morning mesages daily, we are doing this for years. now they are coming only in evening all together. is something wrong in my phone
v372	my emails and messeges are only coming through in a big lump when i get home they dont come in when im out and about
v373	Phone is not giving sound
v374	Watch not showing messages
v375	I think my phone has gone into some sort of special mode for blind people. I am not blind and I want it normal.
v376	phone setting changed pls
v377	My Wi-Fi shows connected but nothing comes. Can you make all the network things fresh?
v378	Somebody fiddled with my phone at the church coffee morning and now it's all wrong, nothing is how it was. Please put it back.
v379	not getting any whatsapp from the group chat since this morning, did somthing break??
v380	when people ring me i dont hear a thing but my earbuds are in the drawer so i dont know where the sound is going
v381	i was trying to read my book for english on my phone in the car. the screen kept going all dark on me and i had to keep tapping it. so anoying
v382	the older i get the harder this phone is to see. can you make it easier on my eyes
v383	My watch doesn't show my messages anymore.
v384	My watch and my walking app dont seem to talk to each other anymore.
v385	My Wi-Fi's been rubbish all week, can you sort out the network stuff?
v386	At home my messages come very late. Outside it is ok.
v387	My screen looks strange today. Very dark, I cannot see my photos good.
v388	my phone doesnt make any noise anymore for anything. i think maybe it thinks my earbuds are still in??
v389	my phone has been so quiet lately like i never hear it. i put it on the table at dinner and it never makes noise even tho ppl say they sent me stuff. my sister says its broken
v390	Since the update the screen looks funny to me and I don't care for it.
v391	we went on a trip to my aunts and i used her wifi password. ever since we came back home my phone wont go online right. can you just reset whatever it is
v392	I never know when anybody is trying to get hold of me. My daughter says she has rung and sent messages all week and the phone just sat there quiet as a mouse on the table.
v393	When I watch videos the screen becomes black.
v394	i was watching a movie on my phone on the plane. halfway thru the screen started getting all weird and dark on me. i couldnt even finish it
v395	screen all dull n grey
v396	on my teams calls at work nobody can hear me talking ive tried twice now and its so embarassing
v397	My films keep stopping halfway through on Netflix.
v398	in the bank they told me to do upi something on the phone. i cannot see what is written at all, everything is pale and tiny. i gave up and came home
v399	When I watch videos the screen goes black.
v400	Ola not finding my location
v401	ever since I got the little ear pods I never hear the phone go off and I keep missing my mum
v402	why is it so hard to see anything on my phone now? i literaly have to squint
v403	the screen fades out on me when im looking at the bus times and by the time i get it back the bus has gone
v404	maps not showing me
v405	can you do the thing where you reset the internet on the phone the man in the shop said that would sort it out
v406	Why does my screen become all dark in the middle of watching videos? I have to keep touching it, it's very irritating.
v407	The little ear things my son gave me won't work for the video call with the doctor. They can't hear a word I say.
v408	the weather app keeps saying it doesn't know where I am and won't show me anything for today
v409	My little brother was messing about with my phone and now it's acting really strange and I can't use it normally.
v410	I want to talk to my friend in the game with my voice but it doesn't work.
v411	my phone has gone really quiet lately i keep finding things on it hours later that i never knew had come in and my husband says hes been trying to get hold of me all afternoon
v412	the internet has gone on my phone i cant get the news up or anything and i havent touched nothing
v413	screen looks all dull and washed out today, my pictures look terrible and i didnt change anything
v414	i turned on battery saver cuz my phone was dying at the mall. now even after charging the screen is acting weird and keeps getting all dark. idk how to make it normal
v415	my eyes aren't great and the phone has been impossible to use since my daughter set it up for me
v416	video call not wrking
v417	After my nephew used my phone it is very different. I cannot use it normal now.
v418	my bank app wont let me deposit a check, it gives an error when i go to take the picture
v419	why does my screen look so dull and washed out today?
v420	Please reset the connections
